<?xml version="1.0" encoding="UTF-8"?>
<project-private xmlns="http://www.netbeans.org/ns/project-private/1">
    <editor-bookmarks xmlns="http://www.netbeans.org/ns/editor-bookmarks/2" lastBookmarkId="0"/>
    <open-files xmlns="http://www.netbeans.org/ns/projectui-open-files/2">
        <group>
            <file>file:/C:/Users/Tanya/Documents/NetBeansProjects/JavaApplication4/src/shop.java</file>
            <file>file:/C:/Users/Tanya/Documents/NetBeansProjects/JavaApplication4/src/Members.java</file>
            <file>file:/C:/Users/Tanya/Documents/NetBeansProjects/JavaApplication4/src/tanya.java</file>
            <file>file:/C:/Users/Tanya/Documents/NetBeansProjects/JavaApplication4/src/signup.java</file>
            <file>file:/C:/Users/Tanya/Documents/NetBeansProjects/JavaApplication4/src/Member.java</file>
            <file>file:/C:/Users/Tanya/Documents/NetBeansProjects/JavaApplication4/src/resetpass.java</file>
            <file>file:/C:/Users/Tanya/Documents/NetBeansProjects/JavaApplication4/src/Group.java</file>
            <file>file:/C:/Users/Tanya/Documents/NetBeansProjects/JavaApplication4/src/history.java</file>
            <file>file:/C:/Users/Tanya/Documents/NetBeansProjects/JavaApplication4/src/Gshop.java</file>
            <file>file:/C:/Users/Tanya/Documents/NetBeansProjects/JavaApplication4/src/login.java</file>
        </group>
    </open-files>
</project-private>
